Tweet,Emotion
false alarm matoma amp becky hill,anger
im tired everybody telling chill everythings ok fuck im tired faking fucking smile,anger
im serious putting words mouth bitch dont add sentence didnt say shit bloods,anger
someone make priority list things outraged order outrage racism animalrights abortion cops,anger
teapartyorg hes right civil war starts wall wall terrorism dont fancy muzzys chances,anger
harboring osama bin laden relationship haqqani network enough evidence prove pakistan sponsoring terrorism,anger
tomorrow last episode despair arc much shit gonna happen im emotionally prepared,anticipation
pastor feet away shooting victim protest says skeptical official story charlotteprotest charlotteriot,anticipation
guys dating yet trans nervous blowjobs tfb dating mack north ohio bewdley,anticipation
collects times minerva would chew cape begins shiver runs hand hair nnyou surelynardentflier,anticipation
page script due friday class said could mfa thing gradschoolproblems someonetelltinafeytohireme,anticipation
omg actually thought going jump southpark southpark,anticipation
dont know expect brendons video lmao la devotee video got shook,anticipation
lanewoolery ffkazman experience plays role education preparedness fear,anticipation
montelwilliams ban goes harm many people disabled veterans people chronicpain iamkratom,disgust
patblanchfield mean like uber despair someone driver,disgust
awful,disgust
thehill george h establishment unhappy trumps campaign branded son lowenergy could beaten others either,disgust
sky news still pushing brexit gloom line managing ignore fact simply happening future,disgust
leave rulenimber carpet cleaning worsethananatomicbomb accidentlyspillbeeronthecarpet,disgust
vladfucker look rabid,disgust
michaelsalfino still destroys fear walking dead show horrible,disgust
mcauleyross rojo awful,disgust
metpolicefc true none players cops drink chilled bitter players walter mitty types keviboyallen,disgust
steviet talksport sound like broadcasted someones basement quality amateurs,disgust
wake fresh terror threat sounding alert mumbai praying safety amp security everybody city maharashtra news,fear
andreasarahco actually heely campus bc scare,fear
hmiglino cparks cocowms bodyfit truthequalsfact politicususa never anxious election life,fear
old lady cray cray scared bellaissocute awe empire,fear
hi names anxiety shaun,fear
hope sleep nightmare bakewell tarts yuk gbbo,fear
kennycoble rosie horrific situations get worse trump elected vote hillary,fear
leafyishere showing biceps scare,fear
courage cowardly dog like american horror story kids,fear
induction day tomorrow pizza express nervous,fear
seanunfiltered texans scared bunch,fear
india afraid bad,fear
man u lose may actually nervous breakdown,fear
thats cute atsu probably shy photos cherry helped uwu,joy
manchester derby home,joy
want playful relationshipnme kicks couch,joy
happy birthday stephen king man responsible best horror past years whole bunch worst,joy
thank disney themed episode letting discover amazing blackishwriters hilarious,joy
radiox chrismoyles wow heard forever random great sting xph,joy
happy birthday lost lost dharmainitiative years september oceanic,joy
ff nnthefamilyx nnsoul blues amp rock bandnnmusic heartnnwith soul amp passion nnxx xx,joy
mannersaboveall laughs louder time shaking head really cheesy wasnt,joy
teamgrout glee,joy
mate thing get excited profession mad client said opened bowels im rejoicing,joy
mickeyplyler qualktalk refs gts favor tonight,joy
niceonewern alottapain gleesome threesome,joy
cigarette burning lauras hand angle chin purse lips gorgeous transitionlaurengrodstein,love
meant,love
got asked hoco instagram dm bc someone lost bet love maturity people grade,love
bietron dont sad btw good night davinago sleep larh,love
focus dont let others love define youre happy dont let make bitter get hurt,love
sadness leaves broken bed hold depths despair name love,love
follow girl tiff got followers tiffanyr,love
patti seems sad stamped ran behind sofa give plenty love affectionmore usual sad,love
believed fear allah believe messenger give double portion mercy quran,love
saved ordering risk life didnt panic stayed calm rescued,optimism
may optimism tomorrow foundation today,optimism
rejoice birth grieve funeral person involved mark twain,optimism
gloriosa bazigaga rwanda work lost relatives genocide yrs peacebuilding given optimism within power,optimism
point living optimist foolish enough believe best yet come peter ustinov optimism quote,optimism
told chiropractor im good time long time questioned habits yet unnerved doctor,optimism
much hair nightmare also soft guess winlose situation,optimism
carry wayward son therell peace done lay weary head rest dont cry supernatural,optimism
embarrassed saw us like knvfkkjg thinks stalkers n starts waving cheerfully inviting us,pessimism
jeremycorbyn magstogether god jeremycorbyn full shilling seriously need major rethink lab gove lifetime sad,pessimism
mmmm im kinda sad hope shake school,pessimism
one wants win wild card play cubs road sadness,pessimism
mendiphillsaonb think swallows swifts gone photod nights ago seen since sad autumn,pessimism
wishing rich didnt get morning poor sleepy sad needsmoresleep,pessimism
weeks full mondays end disheartened,pessimism
possible changing meds best done stress difficult tell part despair circumstantial drugs,sadness
gutted dropped one earrings sink school,sadness
antoboyle wish could someday come spain play cant believe im going see sad,sadness
summer officially ends today sadness,sadness
final vestiges childhood dashed shoals hearing house cover tracy chapmans fast car dayjob,sadness
made world empath unhappy,sadness
finally leaving first job soon ive working since going kind bitter sweet,sadness
brawndo cure depression mikejudge idiocracytoday,sadness
health think depression feel like,sadness
muscled man huge heart messing brain heart lost confused,sadness
texans astros shut tonight houston back normal texans astros sadness losers,sadness
last episode makingamurderer poor brendan glad appeal shocking crime documentary reallife,surprise
thixotropic sudden hasnt sunk yet leo knew coming,surprise
ronaldo shocking hes tried skill twice hes nearly fallen times,surprise
im confused new american horror story,surprise
tulsa police manufacture murder wonder carry burners maxlevelz shake,surprise
hollylolly serious respect man pull bun better like maybe teach ways,trust
wildrovertours thank follow good website cheering hassle,trust
tabstamlyn larahunt next time ill make sure everything sparkling clean,trust
janhopis found first episodes bojack incredibly funny got less funny stayed drama,trust
riggs dumb ass hell lolol hilarious lethalweapon,trust
american schools lively,trust
accept challenges feel exhilaration victory,trust
ever stayed hostels overseas frame reference movie hostel know went,trust
prosyndicate thanks replying im ironing shirt id love meet get autograph sadly im young travel,trust
